{
    "metrics": {
        "mean_iou": 0.8982210201745708,
        "full_plate_accuracy": 54.0,
        "character_accuracy": 83.99999999999999,
        "mean_cer": 16.0,
        "mean_wer": 46.0
    },
    "detailed_results": {
        "detection_iou": [
            0.96875,
            0.9841269841269841,
            0.9578508568781844,
            1.0,
            0.9014526894385552,
            0.9022236756049705,
            0.8295421825511086,
            0.8898305084745762,
            0.8842874543239951,
            0.8609388839681134,
            0.8881067061874769,
            0.8942928039702234,
            0.86372087936126,
            0.9609375,
            0.9505129752564876,
            0.978494623655914,
            0.9387755102040817,
            0.9203539823008849,
            0.8238636363636364,
            0.8013064779531845,
            0.9204545454545454,
            0.877681349271328,
            0.8537624230951254,
            0.895808383233533,
            0.8512755102040817,
            0.9516129032258065,
            0.8406983087834151,
            0.9334889148191365,
            0.9318181818181818,
            0.9484655471916619,
            0.9375,
            0.8869496231654106,
            0.8902132998745295,
            0.86409307244844,
            0.9113668483747224,
            0.8235294117647058,
            0.9320776255707762,
            0.8968944099378882,
            0.881336405529954,
            0.8281853281853282,
            0.8756476683937824,
            0.9093015174331055,
            0.8652246256239601,
            0.8699129198507197,
            0.8947623666343356,
            0.9120305980528511,
            0.8478005175252882,
            0.8585089773614364,
            0.9079365079365079,
            0.9133448873483535
        ],
        "ocr_accuracy": [
            0.0,
            0.0,
            1.0,
            1.0,
            0.0,
            1.0,
            1.0,
            1.0,
            1.0,
            1.0,
            1.0,
            0.0,
            0.0,
            0.0,
            1.0,
            0.0,
            0.0,
            0.0,
            0.0,
            0.0,
            0.0,
            0.0,
            0.0,
            0.0,
            0.0,
            1.0,
            0.0,
            1.0,
            1.0,
            1.0,
            1.0,
            1.0,
            1.0,
            0.0,
            0.0,
            1.0,
            1.0,
            1.0,
            1.0,
            1.0,
            0.0,
            1.0,
            1.0,
            1.0,
            1.0,
            0.0,
            0.0,
            1.0,
            1.0,
            0.0
        ],
        "char_accuracy": [
            0.8571428571428571,
            0.5714285714285714,
            1.0,
            1.0,
            0.8571428571428571,
            1.0,
            1.0,
            1.0,
            1.0,
            1.0,
            1.0,
            0.8571428571428571,
            0.8571428571428571,
            0.8571428571428571,
            1.0,
            0.8571428571428571,
            0.7142857142857143,
            0.8571428571428571,
            0.42857142857142855,
            0.14285714285714285,
            0.2857142857142857,
            0.42857142857142855,
            0.14285714285714285,
            0.14285714285714285,
            0.2857142857142857,
            1.0,
            0.7142857142857143,
            1.0,
            1.0,
            1.0,
            1.0,
            1.0,
            1.0,
            0.8571428571428571,
            0.8571428571428571,
            1.0,
            1.0,
            1.0,
            1.0,
            1.0,
            0.8571428571428571,
            1.0,
            1.0,
            1.0,
            1.0,
            0.8571428571428571,
            0.8571428571428571,
            1.0,
            1.0,
            0.8571428571428571
        ],
        "cer": [
            0.14285714285714285,
            0.42857142857142855,
            0.0,
            0.0,
            0.14285714285714285,
            0.0,
            0.0,
            0.0,
            0.0,
            0.0,
            0.0,
            0.14285714285714285,
            0.14285714285714285,
            0.14285714285714285,
            0.0,
            0.14285714285714285,
            0.2857142857142857,
            0.14285714285714285,
            0.5714285714285714,
            0.8571428571428571,
            0.7142857142857143,
            0.5714285714285714,
            0.8571428571428571,
            0.8571428571428571,
            0.7142857142857143,
            0.0,
            0.2857142857142857,
            0.0,
            0.0,
            0.0,
            0.0,
            0.0,
            0.0,
            0.14285714285714285,
            0.14285714285714285,
            0.0,
            0.0,
            0.0,
            0.0,
            0.0,
            0.14285714285714285,
            0.0,
            0.0,
            0.0,
            0.0,
            0.14285714285714285,
            0.14285714285714285,
            0.0,
            0.0,
            0.14285714285714285
        ],
        "wer": [
            1.0,
            1.0,
            0.0,
            0.0,
            1.0,
            0.0,
            0.0,
            0.0,
            0.0,
            0.0,
            0.0,
            1.0,
            1.0,
            1.0,
            0.0,
            1.0,
            1.0,
            1.0,
            1.0,
            1.0,
            1.0,
            1.0,
            1.0,
            1.0,
            1.0,
            0.0,
            1.0,
            0.0,
            0.0,
            0.0,
            0.0,
            0.0,
            0.0,
            1.0,
            1.0,
            0.0,
            0.0,
            0.0,
            0.0,
            0.0,
            1.0,
            0.0,
            0.0,
            0.0,
            0.0,
            1.0,
            1.0,
            0.0,
            0.0,
            1.0
        ],
        "plate_matches": [
            {
                "predicted": "AVL0477",
                "ground_truth": "AVL8477",
                "iou": 0.96875,
                "cer": 0.14285714285714285,
                "wer": 1.0
            },
            {
                "predicted": "AOM2214",
                "ground_truth": "AOM8734",
                "iou": 0.9841269841269841,
                "cer": 0.42857142857142855,
                "wer": 1.0
            },
            {
                "predicted": "AYB7892",
                "ground_truth": "AYB7892",
                "iou": 0.9578508568781844,
                "cer": 0.0,
                "wer": 0.0
            },
            {
                "predicted": "BAL3161",
                "ground_truth": "BAL3161",
                "iou": 1.0,
                "cer": 0.0,
                "wer": 0.0
            },
            {
                "predicted": "MFS2458",
                "ground_truth": "MFS2455",
                "iou": 0.9014526894385552,
                "cer": 0.14285714285714285,
                "wer": 1.0
            },
            {
                "predicted": "BBI8600",
                "ground_truth": "BBI8600",
                "iou": 0.9022236756049705,
                "cer": 0.0,
                "wer": 0.0
            },
            {
                "predicted": "ARY9241",
                "ground_truth": "ARY9241",
                "iou": 0.8295421825511086,
                "cer": 0.0,
                "wer": 0.0
            },
            {
                "predicted": "ATP2537",
                "ground_truth": "ATP2537",
                "iou": 0.8898305084745762,
                "cer": 0.0,
                "wer": 0.0
            },
            {
                "predicted": "BBG6283",
                "ground_truth": "BBG6283",
                "iou": 0.8842874543239951,
                "cer": 0.0,